Concept;Ancestral Branch ID;Ancestral Branch Name;Reconstructed Proto-Form;Confidence Score;Primary Proto-Node Attestations
all;branch_african;Proto-Sapiens Africanus (Праафриканский);*we-;0.98;"Proto-Kalahari Khoe: *we- #; Proto-Khoekhoe: *hoa; Proto North Khoisan: *wòe-še; Proto-!Wi: *ku #"
all;branch_eurasian;Proto-Sapiens Eurasiaticus (Праевразийский / Борейский);*kʼɨʔʷV;0.98;"Proto-Lezgian: *kʼɨʔʷV; Proto-Nakh: *=arr-ikʼ; Proto-Yeniseian: *bɨʎ- #; Proto-Taa: *ko-kaˤ"
all;branch_oceanic_amerind;Proto-Sapiens Oceanicus & Americanus (Праокеанический / Праамериндский);*yami;0.98;"Proto-Cahuapanan: *yami; Proto-Jabuti: *nbɘy"
ashes;branch_african;Proto-Sapiens Africanus (Праафриканский);*oa;0.98;"Proto-Kalahari Khoe: *oa; Proto-Khoekhoe: *tʰao-; Proto North Khoisan: *t; Proto-!Wi: *!qui #"
ashes;branch_eurasian;Proto-Sapiens Eurasiaticus (Праевразийский / Борейский);*riqʼːʷˤ;0.98;"Proto-Lezgian: *riqʼːʷˤ; Proto-Nakh: *yobqʼ; Proto-Yeniseian: *qol- [*qor-] #; Proto-Taa: *!ʼui #"
ashes;branch_oceanic_amerind;Proto-Sapiens Oceanicus & Americanus (Праокеанический / Праамериндский);*ya-luʔ;0.98;"Proto-Cahuapanan: *ya-luʔ; Proto-Jabuti: *=nbɾəŋ"
bark;branch_african;Proto-Sapiens Africanus (Праафриканский);*ǁxʼũ;0.98;"Proto-Kalahari Khoe: *ǁxʼũ; Proto-Khoekhoe: *soro-; Proto North Khoisan: *ʔrV"
bark;branch_eurasian;Proto-Sapiens Eurasiaticus (Праевразийский / Борейский);*ƛːal;0.98;"Proto-Lezgian: *ƛːal; Proto-Nakh: *kaːbst; Proto-Yeniseian: *ʔɨɢ- [*xɨɢ-] #; Proto-Taa: *gu-le"
bark;branch_oceanic_amerind;Proto-Sapiens Oceanicus & Americanus (Праокеанический / Праамериндский);*kə;0.98;Proto-Jabuti: *kə
belly;branch_african;Proto-Sapiens Africanus (Праафриканский);*ǀa ~ a;0.98;"Proto-Kalahari Khoe: *ǀa ~ *a; Proto-Khoekhoe: *a-; Proto North Khoisan: *ú"
belly;branch_eurasian;Proto-Sapiens Eurasiaticus (Праевразийский / Борейский);*uo=ɬʷɨn ~ ro=ɬʷɨn;0.98;"Proto-Lezgian: *uo=ɬʷɨn ~ *ro=ɬʷɨn; Proto-Nakh: *gag-; Ancient Attic Greek (Plato) [grc]: gas-téːr {γαστήρ}; Ancient Ionic Greek (Herodotus) [grc]: gas-téːr {γαστήρ}"
belly;branch_oceanic_amerind;Proto-Sapiens Oceanicus & Americanus (Праокеанический / Праамериндский);*yuʔ;0.98;"Proto-Cahuapanan: *yuʔ; Proto-Jabuti: *pɾi-ka"
big;branch_african;Proto-Sapiens Africanus (Праафриканский);*kai;0.98;"Proto-Kalahari Khoe: *kai #; Proto-Khoekhoe: *kai; Proto North Khoisan: *àʔà ~ *ʔ; Proto-!Wi: *!xo #; *u-si ~ *o-si #"
big;branch_eurasian;Proto-Sapiens Eurasiaticus (Праевразийский / Борейский);*pːVhˤV- ~ hˤVpːV-;0.98;"Proto-Lezgian: *pːVhˤV- ~ *hˤVpːV-; Proto-Nakh: *=aqqu-n; Proto-Yeniseian: *qeʔ; Proto-Taa: *!xa-"
big;branch_oceanic_amerind;Proto-Sapiens Oceanicus & Americanus (Праокеанический / Праамериндский);*kʷa;0.98;"Proto-Cahuapanan: *kʷa; Proto-Jabuti: *čiči"
bird;branch_african;Proto-Sapiens Africanus (Праафриканский);*ʒara;0.98;"Proto-Kalahari Khoe: *ʒara; Proto-Khoekhoe: *xʼani-; Proto North Khoisan: *cʼā(m)-mà; Proto-!Wi: *ǀqʰu-"
bird;branch_eurasian;Proto-Sapiens Eurasiaticus (Праевразийский / Борейский);*nɨсʼʷ;0.98;"Proto-Lezgian: *nɨсʼʷ; Proto-Nakh: *ʔaːlxaʒur; Proto-Yeniseian: *duma; Proto-Taa: *u(ʔ)-"
bird;branch_oceanic_amerind;Proto-Sapiens Oceanicus & Americanus (Праокеанический / Праамериндский);*ɪlansiʔ;0.98;"Proto-Cahuapanan: *ɪlansiʔ; Proto-Jabuti: *nbɨkɾɔy"
bite;branch_african;Proto-Sapiens Africanus (Праафриканский);*pa;0.98;"Proto-Kalahari Khoe: *pa; Proto-Khoekhoe: *ba #; Proto North Khoisan: *ʔāē; Proto-!Wi: *cʼi"
bite;branch_eurasian;Proto-Sapiens Eurasiaticus (Праевразийский / Борейский);*ʔeqʼːɨ-;0.98;"Proto-Lezgian: *ʔeqʼːɨ-; Proto-Nakh: *qaħ- #; Proto-Yeniseian: *ʔaʒ; Proto-Taa: *ciʔ-"
bite;branch_oceanic_amerind;Proto-Sapiens Oceanicus & Americanus (Праокеанический / Праамериндский);*kɪtɨʔ-;0.98;"Proto-Cahuapanan: *kɪtɨ(ʔ)-; Proto-Jabuti: *ʔi- #"
black;branch_african;Proto-Sapiens Africanus (Праафриканский);*u;0.98;"Proto-Kalahari Khoe: *u; Proto-Khoekhoe: *u; Proto North Khoisan: *žō; Proto-!Wi: *!oe ~ *!ʰoe #"
black;branch_eurasian;Proto-Sapiens Eurasiaticus (Праевразийский / Борейский);*krs-nós;0.98;"Праиндоевропейский / Proto-Indo-European: *krs-nós; Proto-Lezgian: *laːˤV- ~ *loːˤV-; Proto-Nakh: *ʡaːrčʼ-i; Proto-Yeniseian: *tum-"
black;branch_oceanic_amerind;Proto-Sapiens Oceanicus & Americanus (Праокеанический / Праамериндский);*pupuruʔa;0.88;Are'are (Ma'asupa): pupuruʔa
blood;branch_african;Proto-Sapiens Africanus (Праафриканский);*d-m;0.98;"Праафразийский праязык / Proto-Afroasiatic: *d-m; Прасемитский / Proto-Semitic: *dam-; Old Egyptian / Древнеегипетский (Раннее и Древнее царство) [egyp1253]: znf; Proto-Kalahari Khoe: *ǀʼao"
blood;branch_eurasian;Proto-Sapiens Eurasiaticus (Праевразийский / Борейский);*s-hywy;0.98;"Прасино-тибетский / Proto-Sino-Tibetan: *s-hywy; Праиндоевропейский / Proto-Indo-European: *ésh₂r̥ / *krúh₂s; Прауральский / Proto-Uralic: *weri; Proto-Lezgian: *ʔäʔ"
blood;branch_oceanic_amerind;Proto-Sapiens Oceanicus & Americanus (Праокеанический / Праамериндский);*wɨla-yɨʔ;0.98;Proto-Cahuapanan: *wɨla-yɨʔ
bone;branch_african;Proto-Sapiens Africanus (Праафриканский);*ḳ-sʼ / ʕ-sʼ-m;0.98;"Праафразийский праязык / Proto-Afroasiatic: *ḳ-sʼ / *ʕ-sʼ-m; Прасемитский / Proto-Semitic: *ʕaẓm-; Old Egyptian / Древнеегипетский (Раннее и Древнее царство) [egyp1253]: qs; Proto-Kalahari Khoe: *ǀʼõã"
bone;branch_eurasian;Proto-Sapiens Eurasiaticus (Праевразийский / Борейский);*rus;0.98;"Прасино-тибетский / Proto-Sino-Tibetan: *rus; Праиндоевропейский / Proto-Indo-European: *h₂óst-; Прауральский / Proto-Uralic: *luwi; Proto-Lezgian: *yirƛʼː"
bone;branch_oceanic_amerind;Proto-Sapiens Oceanicus & Americanus (Праокеанический / Праамериндский);*lansɪʔ ~ lansɨʔ;0.98;"Proto-Cahuapanan: *lansɪʔ ~ *lansɨʔ; Proto-Jabuti: *ǯi ~ *ʔi"
brother;branch_african;Proto-Sapiens Africanus (Праафриканский);*ʔaḫ-;0.98;"Праафразийский праязык / Proto-Afroasiatic: *ʔaḫ-; Прасемитский / Proto-Semitic: *ʔaḫw-; Old Egyptian / Древнеегипетский (Раннее и Древнее царство) [egyp1253]: sn; Old Akkadian / Древнеаккадский [akk]: ahu"
brother;branch_eurasian;Proto-Sapiens Eurasiaticus (Праевразийский / Борейский);*bVr- / pVr-;0.98;"Борейский праязык / Proto-Borean: *bVr- / *pVr-; Ностратический праязык / Proto-Nostratic: *b/pVr- (старший родственник); Сино-кавказский праязык / Proto-Sino-Caucasian: *wVrV; Прасино-тибетский / Proto-Sino-Tibetan: *k-ray / *t-say"
brother;branch_oceanic_amerind;Proto-Sapiens Oceanicus & Americanus (Праокеанический / Праамериндский);*tA;0.70;Reconstructed via comparative macrofamily root
burn;branch_african;Proto-Sapiens Africanus (Праафриканский);*dao;0.98;"Proto-Kalahari Khoe: *dao; Proto-Khoekhoe: *dao; Proto North Khoisan: *kūʔú; Proto-!Wi: *ǁa #"
burn;branch_eurasian;Proto-Sapiens Eurasiaticus (Праевразийский / Борейский);*dʰegʷʰ-;0.98;"Праиндоевропейский / Proto-Indo-European: *dʰegʷʰ-; Proto-Lezgian: *ʔokːʷɨ-; Proto-Nakh: *=aːkʼ-; Proto-Yeniseian: *qɔʔt"
burn;branch_oceanic_amerind;Proto-Sapiens Oceanicus & Americanus (Праокеанический / Праамериндский);*aʼpɨʔ-;0.98;"Proto-Cahuapanan: *aʼpɨ(ʔ)- #; Proto-Jabuti: *čə"
claw / nail;branch_african;Proto-Sapiens Africanus (Праафриканский);*ǁoro;0.98;"Proto-Kalahari Khoe: *ǁoro; *ǁa; Proto-Khoekhoe: *ǁoro-; Proto North Khoisan: *ūʔrú; Proto-!Wi: *ǁqor-"
claw / nail;branch_eurasian;Proto-Sapiens Eurasiaticus (Праевразийский / Борейский);*mːäɬː;0.98;"Proto-Lezgian: *mːäɬː; Proto-Nakh: *mʡaːra; Proto-Yeniseian: *ʔiːɲe [*xiːɲe]; Proto-Taa: *ǁqu-re #"
claw / nail;branch_oceanic_amerind;Proto-Sapiens Oceanicus & Americanus (Праокеанический / Праамериндский);*tuʔ-tɨʔ-ɾa;0.98;"Proto-Cahuapanan: *tuʔ-tɨʔ-ɾa; Proto-Jabuti: *nĩ=kətəy"
cloud;branch_african;Proto-Sapiens Africanus (Праафриканский);*!à=!kxúí;0.98;Proto North Khoisan: *!à=!kxúí #
cloud;branch_eurasian;Proto-Sapiens Eurasiaticus (Праевразийский / Борейский);*ʔamsː;0.98;"Proto-Lezgian: *ʔamsː; Proto-Nakh: *marxo; Proto-Yeniseian: *ʔas=pur; Ancient Attic Greek (Plato) [grc]: népʰ-os {νέφος}"
cloud;branch_oceanic_amerind;Proto-Sapiens Oceanicus & Americanus (Праокеанический / Праамериндский);*wahawaha;0.88;Are'are (Ma'asupa): wahawaha
cold;branch_african;Proto-Sapiens Africanus (Праафриканский);*!qʰai;0.98;"Proto-Kalahari Khoe: *!qʰai; Proto-Khoekhoe: *!xai; Proto North Khoisan: *ǂàʔū"
cold;branch_eurasian;Proto-Sapiens Eurasiaticus (Праевразийский / Борейский);*meƛʼä-;0.98;"Proto-Lezgian: *meƛʼä-; Proto-Nakh: *pšeː-l-i(n); Proto-Taa: *ǁãʔũ; Ancient Attic Greek (Plato) [grc]: psüːkʰ-r-ó-s {ψυχρός}"
cold;branch_oceanic_amerind;Proto-Sapiens Oceanicus & Americanus (Праокеанический / Праамериндский);*ǯiǯi;0.98;Proto-Jabuti: *ǯiǯi
come;branch_african;Proto-Sapiens Africanus (Праафриканский);*ha;0.98;"Proto-Kalahari Khoe: *ha; Proto-Khoekhoe: *ha; Proto North Khoisan: *cí; Proto-!Wi: *sa ~ *si"
come;branch_eurasian;Proto-Sapiens Eurasiaticus (Праевразийский / Борейский);*gʷem-;0.98;"Праиндоевропейский / Proto-Indo-European: *gʷem-; Proto-Lezgian: *ʔiqːʷˤä-; *ʔVʔʷV(r)-; Proto-Nakh: *=aʔ-; Proto-Taa: *si"
come;branch_oceanic_amerind;Proto-Sapiens Oceanicus & Americanus (Праокеанический / Праамериндский);*wɨʔ- / wɨk-;0.98;"Proto-Cahuapanan: *wɨʔ- / *wɨk-; Proto-Jabuti: *pɾəy"
die;branch_african;Proto-Sapiens Africanus (Праафриканский);*m-w-t;0.98;"Праафразийский праязык / Proto-Afroasiatic: *m-w-t; Прасемитский / Proto-Semitic: *mwt; Old Egyptian / Древнеегипетский (Раннее и Древнее царство) [egyp1253]: mwt; Proto-Kalahari Khoe: *ǁʼo"
die;branch_eurasian;Proto-Sapiens Eurasiaticus (Праевразийский / Борейский);*mürV;0.98;"Ностратический праязык / Proto-Nostratic: *mürV; Сино-кавказский праязык / Proto-Sino-Caucasian: *q̇wV; Прасино-тибетский / Proto-Sino-Tibetan: *s-yəy; Праиндоевропейский / Proto-Indo-European: *mer-"
die;branch_oceanic_amerind;Proto-Sapiens Oceanicus & Americanus (Праокеанический / Праамериндский);*timin-;0.98;"Proto-Cahuapanan: *timin-; Proto-Jabuti: *ʔi- #"
dog;branch_african;Proto-Sapiens Africanus (Праафриканский);*k-l-b;0.98;"Праафразийский праязык / Proto-Afroasiatic: *k-l-b; Прасемитский / Proto-Semitic: *kalb-; Old Egyptian / Древнеегипетский (Раннее и Древнее царство) [egyp1253]: ṯzm / jwr; Proto-Kalahari Khoe: *haˤri-gu #"
dog;branch_eurasian;Proto-Sapiens Eurasiaticus (Праевразийский / Борейский);*ḳwVn-;0.98;"Борейский праязык / Proto-Borean: *ḳwVn-; Ностратический праязык / Proto-Nostratic: *ḳüjnV; Сино-кавказский праязык / Proto-Sino-Caucasian: *x̣wVjV; Прасино-тибетский / Proto-Sino-Tibetan: *kʷəy"
dog;branch_oceanic_amerind;Proto-Sapiens Oceanicus & Americanus (Праокеанический / Праамериндский);*niʼniʔ;0.98;"Proto-Cahuapanan: *niʼniʔ; Proto-Jabuti: *way #"
drink;branch_african;Proto-Sapiens Africanus (Праафриканский);*šty;0.98;"Прасемитский / Proto-Semitic: *šty; Old Egyptian / Древнеегипетский (Раннее и Древнее царство) [egyp1253]: swr; Proto-Kalahari Khoe: *xʼa; Proto-Khoekhoe: *xʼa"
drink;branch_eurasian;Proto-Sapiens Eurasiaticus (Праевразийский / Борейский);*póh₃y-;0.98;"Праиндоевропейский / Proto-Indo-European: *póh₃y-; Прауральский / Proto-Uralic: *juxi-; Proto-Lezgian: *HVqːVr-; Proto-Nakh: *maɬ-"
drink;branch_oceanic_amerind;Proto-Sapiens Oceanicus & Americanus (Праокеанический / Праамериндский);*u-;0.98;"Proto-Cahuapanan: *u-; Proto-Jabuti: *ʔɔ #"
dry;branch_african;Proto-Sapiens Africanus (Праафриканский);*ǁxo;0.98;"Proto-Kalahari Khoe: *ǁxo; Proto-Khoekhoe: *ǀʼo; Proto North Khoisan: *kxau; Proto-!Wi: *ǁo #"
dry;branch_eurasian;Proto-Sapiens Eurasiaticus (Праевразийский / Борейский);*ʔiqʼːʷar-;0.98;"Proto-Lezgian: *ʔiqʼːʷar-; Proto-Nakh: *=aqʼ-i(n); Proto-Yeniseian: *qɔy- [*qɔɢ-]; Proto-Taa: *ǁuˤ- #"
dry;branch_oceanic_amerind;Proto-Sapiens Oceanicus & Americanus (Праокеанический / Праамериндский);*nbɾə;0.98;Proto-Jabuti: *nbɾə #
ear;branch_african;Proto-Sapiens Africanus (Праафриканский);*ʔ-ḏ-n;0.98;"Праафразийский праязык / Proto-Afroasiatic: *ʔ-ḏ-n; Прасемитский / Proto-Semitic: *ʔuḏn-; Old Egyptian / Древнеегипетский (Раннее и Древнее царство) [egyp1253]: msḏr; Proto-Kalahari Khoe: *ǂe"
ear;branch_eurasian;Proto-Sapiens Eurasiaticus (Праевразийский / Борейский);*ḳowV;0.98;"Ностратический праязык / Proto-Nostratic: *ḳo[w]V; Сино-кавказский праязык / Proto-Sino-Caucasian: *leHwV; Прасино-тибетский / Proto-Sino-Tibetan: *r-na; Праиндоевропейский / Proto-Indo-European: *h₂ṓws"
ear;branch_oceanic_amerind;Proto-Sapiens Oceanicus & Americanus (Праокеанический / Праамериндский);*wɨ;0.98;"Proto-Cahuapanan: *wɨ; Proto-Jabuti: *nĩ=pɨ"
eat;branch_african;Proto-Sapiens Africanus (Праафриканский);*ʔkl;0.98;"Прасемитский / Proto-Semitic: *ʔkl; Old Egyptian / Древнеегипетский (Раннее и Древнее царство) [egyp1253]: wnm; Proto-Kalahari Khoe: *ǂʼũ; Proto-Khoekhoe: *ǂʼũ"
eat;branch_eurasian;Proto-Sapiens Eurasiaticus (Праевразийский / Борейский);*h₁et-;0.98;"Праиндоевропейский / Proto-Indo-European: *h₁ed-; Прауральский / Proto-Uralic: *sewi-; Proto-Lezgian: *ʔikʷVn-; Proto-Nakh: *=aqʼ- ~ *=aʔ-"
eat;branch_oceanic_amerind;Proto-Sapiens Oceanicus & Americanus (Праокеанический / Праамериндский);*kaʔ- / kap-;0.98;"Proto-Cahuapanan: *kaʔ- / *kap-; Proto-Jabuti: *ko; *po"
eye;branch_african;Proto-Sapiens Africanus (Праафриканский);*ʕ-y-n;0.98;"Праафразийский праязык / Proto-Afroasiatic: *ʕ-y-n; Прасемитский / Proto-Semitic: *ʕayn-; Old Egyptian / Древнеегипетский (Раннее и Древнее царство) [egyp1253]: jrt; Proto-Kalahari Khoe: *ǂxai"
eye;branch_eurasian;Proto-Sapiens Eurasiaticus (Праевразийский / Борейский);*hVkV;0.98;"Борейский праязык / Proto-Borean: *hVkV; Ностратический праязык / Proto-Nostratic: *ʔakʷV; Сино-кавказский праязык / Proto-Sino-Caucasian: *HwilV; Прасино-тибетский / Proto-Sino-Tibetan: *m-yak"
eye;branch_oceanic_amerind;Proto-Sapiens Oceanicus & Americanus (Праокеанический / Праамериндский);*laya;0.98;"Proto-Cahuapanan: *laya; Proto-Jabuti: *c̢ɐ-ka"
far;branch_african;Proto-Sapiens Africanus (Праафриканский);*u;0.98;"Proto-Kalahari Khoe: *u; Proto-Khoekhoe: *u; Proto North Khoisan: *ǂx; Proto-!Wi: *ǁoe ~ *ǁõẽ #"
far;branch_eurasian;Proto-Sapiens Eurasiaticus (Праевразийский / Борейский);*ʔarːV;0.98;"Proto-Lezgian: *ʔarːV; Proto-Nakh: *gaːni #; Proto-Yeniseian: *biːr1; Proto-Taa: *taiˤ"
far;branch_oceanic_amerind;Proto-Sapiens Oceanicus & Americanus (Праокеанический / Праамериндский);*ririʔi;0.81;Are'are (Ma'asupa): ririʔi
father;branch_african;Proto-Sapiens Africanus (Праафриканский);*ʔab-;0.98;"Праафразийский праязык / Proto-Afroasiatic: *ʔab-; Прасемитский / Proto-Semitic: *ʔabw-; Old Egyptian / Древнеегипетский (Раннее и Древнее царство) [egyp1253]: jt; Proto-Kalahari Khoe: *ui"
father;branch_eurasian;Proto-Sapiens Eurasiaticus (Праевразийский / Борейский);*pAʔV;0.98;"Борейский праязык / Proto-Borean: *pAʔV; Ностратический праязык / Proto-Nostratic: *ʔapV; Сино-кавказский праязык / Proto-Sino-Caucasian: *tātV / *ʔaba; Прасино-тибетский / Proto-Sino-Tibetan: *pa / *ba"
father;branch_oceanic_amerind;Proto-Sapiens Oceanicus & Americanus (Праокеанический / Праамериндский);*ɪa-yɨʔ;0.93;"Proto-Cahuapanan: *ɪa-yɨʔ #; Proto-Jabuti: *toŋ"
feather;branch_african;Proto-Sapiens Africanus (Праафриканский);*ǂʼũ;0.98;"Proto-Kalahari Khoe: *ǂʼũ; Proto-Khoekhoe: *!ʼam-; Proto North Khoisan: *!kxúí; Proto-!Wi: *ʔã"
feather;branch_eurasian;Proto-Sapiens Eurasiaticus (Праевразийский / Борейский);*kʷik ~ kʷimk;0.98;"Proto-Lezgian: *kʷik ~ *kʷimk; Proto-Nakh: *peːla-kʼ #; Proto-Yeniseian: *ʔaːsi; Proto-Taa: *ʔ"
feather;branch_oceanic_amerind;Proto-Sapiens Oceanicus & Americanus (Праокеанический / Праамериндский);*ampuʔɾuʔ;0.98;"Proto-Cahuapanan: *ampu(ʔ)ɾuʔ; Proto-Jabuti: *c̢i ~ *ʔi"
fire;branch_african;Proto-Sapiens Africanus (Праафриканский);*ʔ-s-t / w-h-y;0.98;"Праафразийский праязык / Proto-Afroasiatic: *ʔ-s-t / *w-h-y; Прасемитский / Proto-Semitic: *ʔišāt-; Old Egyptian / Древнеегипетский (Раннее и Древнее царство) [egyp1253]: ḫt; Proto-Kalahari Khoe: *ǀʼe"
fire;branch_eurasian;Proto-Sapiens Eurasiaticus (Праевразийский / Борейский);*ʔotV;0.98;"Борейский праязык / Proto-Borean: *ʔotV; Ностратический праязык / Proto-Nostratic: *ʔotV; Сино-кавказский праязык / Proto-Sino-Caucasian: *c̣ʔāy / *tōk; Прасино-тибетский / Proto-Sino-Tibetan: *mey"
fire;branch_oceanic_amerind;Proto-Sapiens Oceanicus & Americanus (Праокеанический / Праамериндский);*pɨn;0.98;"Proto-Cahuapanan: *pɨn; Proto-Jabuti: *pi=čə"
fish;branch_african;Proto-Sapiens Africanus (Праафриканский);*samak- / nūn-;0.98;"Прасемитский / Proto-Semitic: *samak- / *nūn-; Old Egyptian / Древнеегипетский (Раннее и Древнее царство) [egyp1253]: rm; Proto-Kalahari Khoe: *ǁʼau; Proto-Khoekhoe: *ǁʼau-"
fish;branch_eurasian;Proto-Sapiens Eurasiaticus (Праевразийский / Борейский);*kälV;0.98;"Ностратический праязык / Proto-Nostratic: *kälV; Прасино-тибетский / Proto-Sino-Tibetan: *s-ŋya; Праиндоевропейский / Proto-Indo-European: *dʰǵʰúh₂; Прауральский / Proto-Uralic: *kala"
fish;branch_oceanic_amerind;Proto-Sapiens Oceanicus & Americanus (Праокеанический / Праамериндский);*sami;0.98;"Proto-Cahuapanan: *sami; Proto-Jabuti: *mĩnũ"
fly;branch_african;Proto-Sapiens Africanus (Праафриканский);*om;0.98;"Proto North Khoisan: *om #; Proto-!Wi: *zeˤ #"
fly;branch_eurasian;Proto-Sapiens Eurasiaticus (Праевразийский / Борейский);*ʔiV;0.98;"Proto-Lezgian: *ʔiV; Proto-Nakh: *leːl-; Proto-Yeniseian: *=doːq #; Proto-Taa: *ʒõẽˤ"
fly;branch_oceanic_amerind;Proto-Sapiens Oceanicus & Americanus (Праокеанический / Праамериндский);*pɨn-;0.98;"Proto-Cahuapanan: *pɨn-; Proto-Jabuti: *ᶚɔpɔ"
foot;branch_african;Proto-Sapiens Africanus (Праафриканский);*r-k-l;0.98;"Праафразийский праязык / Proto-Afroasiatic: *r-g-l; Прасемитский / Proto-Semitic: *rigl-; Old Egyptian / Древнеегипетский (Раннее и Древнее царство) [egyp1253]: rd; Proto-Kalahari Khoe: *are ~ *!are"
foot;branch_eurasian;Proto-Sapiens Eurasiaticus (Праевразийский / Борейский);*patV;0.98;"Ностратический праязык / Proto-Nostratic: *p[a]dV; Прасино-тибетский / Proto-Sino-Tibetan: *k-riŋ; Праиндоевропейский / Proto-Indo-European: *pṓds; Прауральский / Proto-Uralic: *jalka"
foot;branch_oceanic_amerind;Proto-Sapiens Oceanicus & Americanus (Праокеанический / Праамериндский);*lan-tɨʔ;0.98;"Proto-Cahuapanan: *lan-tɨʔ; Proto-Jabuti: *pɾay"
full;branch_african;Proto-Sapiens Africanus (Праафриканский);*ǀxʼoɛ;0.98;"Proto-Kalahari Khoe: *ǀxʼoɛ; Proto-Khoekhoe: *ǀxʼoa-; Proto North Khoisan: *àʔŋ; Proto-!Wi: *!qauŋ #"
full;branch_eurasian;Proto-Sapiens Eurasiaticus (Праевразийский / Борейский);*pl̥h₁nós;0.98;"Праиндоевропейский / Proto-Indo-European: *pl̥h₁nós; Proto-Lezgian: *hˤacʼɨ-; Proto-Nakh: *=ucʼ-; Proto-Yeniseian: *ʔute"
full;branch_oceanic_amerind;Proto-Sapiens Oceanicus & Americanus (Праокеанический / Праамериндский);*nbɘy;0.98;Proto-Jabuti: *nbɘy
give;branch_african;Proto-Sapiens Africanus (Праафриканский);*ntn / whb;0.98;"Прасемитский / Proto-Semitic: *ntn / *whb; Proto-Kalahari Khoe: *ma ~ *mã; Proto-Khoekhoe: *ma; Proto North Khoisan: *ǀãʔã"
give;branch_eurasian;Proto-Sapiens Eurasiaticus (Праевразийский / Борейский);*deh₃-;0.98;"Праиндоевропейский / Proto-Indo-European: *deh₃-; Proto-Lezgian: *ʔiƛːɨ-; Proto-Nakh: *=aɬ-; Proto-Yeniseian: *n=...=o #"
give;branch_oceanic_amerind;Proto-Sapiens Oceanicus & Americanus (Праокеанический / Праамериндский);*kʷa;0.98;"Proto-Cahuapanan: *kʷa; Proto-Jabuti: *ʔũ"
good;branch_african;Proto-Sapiens Africanus (Праафриканский);*ṭāb-;0.98;"Прасемитский / Proto-Semitic: *ṭāb-; Proto-Kalahari Khoe: *tʼoni; Proto-Khoekhoe: *!ãĩ; Proto North Khoisan: *žã"
good;branch_eurasian;Proto-Sapiens Eurasiaticus (Праевразийский / Борейский);*h₁su- / wésus;0.98;"Праиндоевропейский / Proto-Indo-European: *h₁su- / *wésus; Proto-Lezgian: *yukːɨ-; Proto-Nakh: *dak- ~ *dik-; Proto-Yeniseian: *haq-"
good;branch_oceanic_amerind;Proto-Sapiens Oceanicus & Americanus (Праокеанический / Праамериндский);*paʔ- / pak-;0.98;"Proto-Cahuapanan: *paʔ- / *pak-; Proto-Jabuti: *c̢aɣi #"
hair;branch_african;Proto-Sapiens Africanus (Праафриканский);*ǀʼũ;0.98;"Proto-Kalahari Khoe: *ǀʼũ; Proto-Khoekhoe: *ǀʼũ-; Proto North Khoisan: *!kxúí; Proto-!Wi: *ǀʰu"
hair;branch_eurasian;Proto-Sapiens Eurasiaticus (Праевразийский / Борейский);*čʼaˤr;0.98;"Proto-Lezgian: *čʼaˤr; Proto-Nakh: *čo; Proto-Yeniseian: *cəŋe; Proto-Taa: *qʰu-"
hair;branch_oceanic_amerind;Proto-Sapiens Oceanicus & Americanus (Праокеанический / Праамериндский);*in;0.98;"Proto-Cahuapanan: *in; Proto-Jabuti: *c̢i ~ *ʔi"
hand;branch_african;Proto-Sapiens Africanus (Праафриканский);*y-d;0.98;"Праафразийский праязык / Proto-Afroasiatic: *y-d; Прасемитский / Proto-Semitic: *yad-; Old Egyptian / Древнеегипетский (Раннее и Древнее царство) [egyp1253]: ḏrt; Proto-Kalahari Khoe: *cʰau"
hand;branch_eurasian;Proto-Sapiens Eurasiaticus (Праевразийский / Борейский);*kAtV;0.98;"Борейский праязык / Proto-Borean: *kAtV; Ностратический праязык / Proto-Nostratic: *kätV; Прасино-тибетский / Proto-Sino-Tibetan: *k-lak; Праиндоевропейский / Proto-Indo-European: *ǵʰésr̥"
hand;branch_oceanic_amerind;Proto-Sapiens Oceanicus & Americanus (Праокеанический / Праамериндский);*kʼab;0.88;Classical Maya / Классический майя [myn]: kʼab
head;branch_african;Proto-Sapiens Africanus (Праафриканский);*raʔš-;0.98;"Прасемитский / Proto-Semitic: *raʔš-; Old Egyptian / Древнеегипетский (Раннее и Древнее царство) [egyp1253]: ḏꜣḏꜣ / tp; Proto-Kalahari Khoe: *ǂu; Proto North Khoisan: *ʔē"
head;branch_eurasian;Proto-Sapiens Eurasiaticus (Праевразийский / Борейский);*káp-ut-;0.98;"Праиндоевропейский / Proto-Indo-European: *káp-ut-; Прауральский / Proto-Uralic: *ojwa; Proto-Lezgian: *woƛʼul; Proto-Nakh: *korta"
head;branch_oceanic_amerind;Proto-Sapiens Oceanicus & Americanus (Праокеанический / Праамериндский);*mutuʔ;0.98;"Proto-Cahuapanan: *mutuʔ; Proto-Jabuti: *kay"
hear;branch_african;Proto-Sapiens Africanus (Праафриканский);*kúḿ;0.98;"Proto-Kalahari Khoe: *kúḿ; Proto-Khoekhoe: *ãũ; Proto North Khoisan: *sàʔā; Proto-!Wi: *tu"
hear;branch_eurasian;Proto-Sapiens Eurasiaticus (Праевразийский / Борейский);*ḱlew-;0.98;"Праиндоевропейский / Proto-Indo-European: *ḱlew-; Proto-Lezgian: *ʔeɬɨ- ~ *ʔeɬːɨ-; Proto-Nakh: *xacʼ-; Proto-Yeniseian: *=ta"
hear;branch_oceanic_amerind;Proto-Sapiens Oceanicus & Americanus (Праокеанический / Праамериндский);*wɨ;0.98;"Proto-Cahuapanan: *wɨ; Proto-Jabuti: *nbə"
heart;branch_african;Proto-Sapiens Africanus (Праафриканский);*l-b-b;0.98;"Праафразийский праязык / Proto-Afroasiatic: *l-b-b; Прасемитский / Proto-Semitic: *libb-; Old Egyptian / Древнеегипетский (Раннее и Древнее царство) [egyp1253]: jb / ḥꜣty; Proto-Kalahari Khoe: *ǂáó"
heart;branch_eurasian;Proto-Sapiens Eurasiaticus (Праевразийский / Борейский);*ḳVrV;0.98;"Борейский праязык / Proto-Borean: *ḳVrV; Ностратический праязык / Proto-Nostratic: *ḳerdV; Сино-кавказский праязык / Proto-Sino-Caucasian: *rīḳV; Прасино-тибетский / Proto-Sino-Tibetan: *s-niŋ"
heart;branch_oceanic_amerind;Proto-Sapiens Oceanicus & Americanus (Праокеанический / Праамериндский);*yɪnlupɪ;0.98;"Proto-Cahuapanan: *yɪnlupɪ; Proto-Jabuti: *nbə=tɨtɨ-ka ~ *nbə=tutu-ka"
heavy;branch_african;Proto-Sapiens Africanus (Праафриканский);*!om;0.98;"Proto-Kalahari Khoe: *!om; Proto-Khoekhoe: *!um; Proto North Khoisan: *tȉʰ"
heavy;branch_eurasian;Proto-Sapiens Eurasiaticus (Праевразийский / Борейский);*hˤiqʼʷɨ;0.98;"Proto-Lezgian: *hˤiqʼʷɨ; Proto-Nakh: *=acʼ-in; Proto-Yeniseian: *səɢ-; Ancient Attic Greek (Plato) [grc]: bar-ǘ- {βαρύς}"
heavy;branch_oceanic_amerind;Proto-Sapiens Oceanicus & Americanus (Праокеанический / Праамериндский);*kom ~ kum;0.92;Proto-Jabuti: *kom ~ *kum
horn;branch_african;Proto-Sapiens Africanus (Праафриканский);*â;0.98;"Proto-Kalahari Khoe: *â; Proto-Khoekhoe: *ã-; Proto North Khoisan: *!ʰú; Proto-!Wi: *ǁẽĩ"
horn;branch_eurasian;Proto-Sapiens Eurasiaticus (Праевразийский / Борейский);*kalč ~ kʼalč ~ kːalč;0.98;"Proto-Lezgian: *kalč ~ *kʼalč ~ *kːalč; Proto-Nakh: *muʡaʔ; Proto-Yeniseian: *qɔʔ; Proto-Taa: *ǁã-"
horn;branch_oceanic_amerind;Proto-Sapiens Oceanicus & Americanus (Праокеанический / Праамериндский);*pɨnmun;0.98;"Proto-Cahuapanan: *pɨnmun; Proto-Jabuti: *=ku"
i;branch_african;Proto-Sapiens Africanus (Праафриканский);*ʔanāku;0.98;"Прасемитский / Proto-Semitic: *ʔanāku; Old Egyptian / Древнеегипетский (Раннее и Древнее царство) [egyp1253]: jnk; Proto-Kalahari Khoe: *ti; Proto-Khoekhoe: *ti-"
i;branch_eurasian;Proto-Sapiens Eurasiaticus (Праевразийский / Борейский);*ŋa-y;0.98;"Прасино-тибетский / Proto-Sino-Tibetan: *ŋa-y; Праиндоевропейский / Proto-Indo-European: *éǵh₂; Прауральский / Proto-Uralic: *minä; Proto-Lezgian: *pːVhˤV- ~ *hˤVpːV-"
i;branch_oceanic_amerind;Proto-Sapiens Oceanicus & Americanus (Праокеанический / Праамериндский);*kʷa;0.98;"Proto-Cahuapanan: *kʷa; Proto-Jabuti: *ʔi- #"
kill;branch_african;Proto-Sapiens Africanus (Праафриканский);*ǀxʼũ;0.98;"Proto-Kalahari Khoe: *ǀxʼũ; Proto-Khoekhoe: *!am; Proto North Khoisan: *!ʰṹ; Proto-!Wi: *ǀʰa ~ *ǀʰi #"
kill;branch_eurasian;Proto-Sapiens Eurasiaticus (Праевразийский / Борейский);*ʔiƛʼe;0.98;"Proto-Lezgian: *ʔiƛʼe; Proto-Nakh: *=ʡeːw-; Proto-Yeniseian: *ʔeːy [*xeːy]; Proto-Taa: *qa- #"
kill;branch_oceanic_amerind;Proto-Sapiens Oceanicus & Americanus (Праокеанический / Праамериндский);*kʷa;0.98;"Proto-Cahuapanan: *kʷa; Proto-Jabuti: *ʔi- #"
knee;branch_african;Proto-Sapiens Africanus (Праафриканский);*ǁoɛ;0.98;"Proto-Kalahari Khoe: *ǁoɛ; Proto-Khoekhoe: *ǁoa-; Proto North Khoisan: *xòà; Proto-!Wi: *u-aŋ ~ *o-aŋ"
knee;branch_eurasian;Proto-Sapiens Eurasiaticus (Праевразийский / Борейский);*pɨˤmp ~ pʼɨˤmpʼ;0.98;"Proto-Lezgian: *pɨˤmp ~ *pʼɨˤmpʼ; Proto-Nakh: *gagu; Proto-Yeniseian: *baʔt; Proto-Taa: *xũ"
knee;branch_oceanic_amerind;Proto-Sapiens Oceanicus & Americanus (Праокеанический / Праамериндский);*tuʔtuʔpɪ;0.98;"Proto-Cahuapanan: *tuʔtuʔpɪ; Proto-Jabuti: *pɛpɛ ~ *nbɛpɛ"
know;branch_african;Proto-Sapiens Africanus (Праафриканский);*!ʼã;0.98;"Proto-Kalahari Khoe: *!ʼã; Proto-Khoekhoe: *ǂʼan; Proto North Khoisan: *!ʼʰã; Proto-!Wi: *ǁxae #"
know;branch_eurasian;Proto-Sapiens Eurasiaticus (Праевразийский / Борейский);*ǵneh₃-;0.98;"Праиндоевропейский / Proto-Indo-European: *ǵneh₃-; Proto-Lezgian: *ʔacʼa-; Proto-Nakh: *xaʔ-; Proto-Taa: *uma- #"
know;branch_oceanic_amerind;Proto-Sapiens Oceanicus & Americanus (Праокеанический / Праамериндский);*nbə;0.98;Proto-Jabuti: *nbə
leaf;branch_african;Proto-Sapiens Africanus (Праафриканский);*ana;0.98;"Proto-Kalahari Khoe: *ana; Proto North Khoisan: *oa #"
leaf;branch_eurasian;Proto-Sapiens Eurasiaticus (Праевразийский / Борейский);*ƛʼačʼa;0.98;"Proto-Lezgian: *ƛʼačʼa; Proto-Nakh: *ɣa; Proto-Yeniseian: *yəːpe; Proto-Taa: *ana #"
leaf;branch_oceanic_amerind;Proto-Sapiens Oceanicus & Americanus (Праокеанический / Праамериндский);*nĩ;0.98;"Proto-Jabuti: *nĩ; *ᶚaɾɔ ~ *ǯaɾɔ ~ *čaɾɔ"
lie;branch_african;Proto-Sapiens Africanus (Праафриканский);*ǁoe;0.98;"Proto-Kalahari Khoe: *ǁoe; Proto-Khoekhoe: *ǁoe; Proto North Khoisan: *šú; Proto-!Wi: *ta"
lie;branch_eurasian;Proto-Sapiens Eurasiaticus (Праевразийский / Борейский);*ʔaär-;0.98;"Proto-Lezgian: *ʔaär-; Proto-Nakh: *=ill-; Proto-Yeniseian: *=qɔt; Proto-Taa: *tu"
lie;branch_oceanic_amerind;Proto-Sapiens Oceanicus & Americanus (Праокеанический / Праамериндский);*kʷa;0.98;"Proto-Cahuapanan: *kʷa; Proto-Jabuti: *ʔi- #"
liver;branch_african;Proto-Sapiens Africanus (Праафриканский);*xʼẽĩ;0.98;"Proto-Kalahari Khoe: *xʼẽĩ; Proto-Khoekhoe: *xʼãĩ-; Proto North Khoisan: *či; Proto-!Wi: *aN"
liver;branch_eurasian;Proto-Sapiens Eurasiaticus (Праевразийский / Борейский);*läƛʼ;0.98;"Proto-Lezgian: *läƛʼ; Proto-Nakh: *doʡax ~ *doʡex; Proto-Yeniseian: *seŋ #; Proto-Taa: *am"
liver;branch_oceanic_amerind;Proto-Sapiens Oceanicus & Americanus (Праокеанический / Праамериндский);*kaŋkan;0.98;"Proto-Cahuapanan: *kaŋkan; Proto-Jabuti: *nbə"
long;branch_african;Proto-Sapiens Africanus (Праафриканский);*!ao;0.98;"Proto-Kalahari Khoe: *!ao; Proto-Khoekhoe: *kai-xu; Proto North Khoisan: *aʔŋ; Proto-!Wi: *ǀʼã"
long;branch_eurasian;Proto-Sapiens Eurasiaticus (Праевразийский / Борейский);*hˤalä-;0.98;"Proto-Lezgian: *hˤalä-; Proto-Nakh: *=ʕaːx-in; Proto-Yeniseian: *ʔux-; Ancient Attic Greek (Plato) [grc]: mak-r-ó- {μακρός}"
long;branch_oceanic_amerind;Proto-Sapiens Oceanicus & Americanus (Праокеанический / Праамериндский);*təɾɘy;0.98;Proto-Jabuti: *təɾɘy
louse;branch_african;Proto-Sapiens Africanus (Праафриканский);*xʼuni;0.98;"Proto-Kalahari Khoe: *xʼuni; Proto-Khoekhoe: *xʼuri-; Proto North Khoisan: *cʼí; Proto-!Wi: *u-"
louse;branch_eurasian;Proto-Sapiens Eurasiaticus (Праевразийский / Борейский);*näcʼː;0.98;"Proto-Lezgian: *näcʼː; Proto-Nakh: *macʼe; Proto-Yeniseian: *ʔəːke [*xəːke]; Proto-Taa: *ũˤ #"
louse;branch_oceanic_amerind;Proto-Sapiens Oceanicus & Americanus (Праокеанический / Праамериндский);*tɪmɨn;0.98;"Proto-Cahuapanan: *tɪmɨn; Proto-Jabuti: *taŋ"
man;branch_african;Proto-Sapiens Africanus (Праафриканский);*xʼao;0.98;"Proto-Kalahari Khoe: *xʼao; Proto-Khoekhoe: *xʼao-; Proto North Khoisan: *!ʼʰõã; Proto-!Wi: *ǂo ~ *ǂʼo #"
man;branch_eurasian;Proto-Sapiens Eurasiaticus (Праевразийский / Борейский);*šːʷiy;0.98;"Proto-Lezgian: *šːʷiy; Proto-Nakh: *stʼakʼ; Proto-Yeniseian: *pixe; Proto-Taa: *ƛâ=àˤ"
man;branch_oceanic_amerind;Proto-Sapiens Oceanicus & Americanus (Праокеанический / Праамериндский);*kɨnmaʔ-pɨn ~ kɨnmaʔ-pɪn;0.98;"Proto-Cahuapanan: *kɨnmaʔ-pɨn ~ *kɨnmaʔ-pɪn; Proto-Jabuti: *pako"
many;branch_african;Proto-Sapiens Africanus (Праафриканский);*xʼao;0.98;"Proto-Kalahari Khoe: *xʼao; Proto-Khoekhoe: *ǂui #; Proto North Khoisan: *ǂʰí; Proto-!Wi: *ǂo ~ *ǂʼo #"
many;branch_eurasian;Proto-Sapiens Eurasiaticus (Праевразийский / Борейский);*ʔaˤɨ-;0.98;"Proto-Lezgian: *ʔaˤɨ-; Proto-Nakh: *duqa; Proto-Yeniseian: *bəy- #; Proto-Taa: *ǁari"
many;branch_oceanic_amerind;Proto-Sapiens Oceanicus & Americanus (Праокеанический / Праамериндский);*kɨnmaʔ-pɨn ~ kɨnmaʔ-pɪn;0.98;Proto-Cahuapanan: *kɨnmaʔ-pɨn ~ *kɨnmaʔ-pɪn
meat;branch_african;Proto-Sapiens Africanus (Праафриканский);*xʼo-xu;0.98;"Proto-Kalahari Khoe: *xʼo-xu; Proto-Khoekhoe: *xʼo-; Proto North Khoisan: *ʰā; Proto-!Wi: *ʘoa"
meat;branch_eurasian;Proto-Sapiens Eurasiaticus (Праевразийский / Борейский);*yaƛʼː;0.98;"Proto-Lezgian: *yaƛʼː; Proto-Nakh: *dilxu; Proto-Yeniseian: *ʔise; Proto-Taa: *ʘa-"
meat;branch_oceanic_amerind;Proto-Sapiens Oceanicus & Americanus (Праокеанический / Праамериндский);*kaʔ- / kap-;0.98;"Proto-Cahuapanan: *kaʔ- / *kap-; Proto-Jabuti: *nĩ"
moon;branch_african;Proto-Sapiens Africanus (Праафриканский);*waraḫ-;0.98;"Прасемитский / Proto-Semitic: *waraḫ-; Old Egyptian / Древнеегипетский (Раннее и Древнее царство) [egyp1253]: jꜥḥ; Proto-Kalahari Khoe: *oɛ; Proto-Khoekhoe: *ǁxã-"
moon;branch_eurasian;Proto-Sapiens Eurasiaticus (Праевразийский / Борейский);*s-la;0.98;"Прасино-тибетский / Proto-Sino-Tibetan: *s-la; Праиндоевропейский / Proto-Indo-European: *mḗh₁n̥s; Прауральский / Proto-Uralic: *kuŋe; Proto-Lezgian: *wacː"
moon;branch_oceanic_amerind;Proto-Sapiens Oceanicus & Americanus (Праокеанический / Праамериндский);*yuki;0.98;"Proto-Cahuapanan: *yuki; Proto-Jabuti: *kupa"
mother;branch_african;Proto-Sapiens Africanus (Праафриканский);*ʔimm-;0.98;"Праафразийский праязык / Proto-Afroasiatic: *ʔimm-; Прасемитский / Proto-Semitic: *ʔimm-; Old Egyptian / Древнеегипетский (Раннее и Древнее царство) [egyp1253]: mwt; Old Akkadian / Древнеаккадский [akk]: ummu"
mother;branch_eurasian;Proto-Sapiens Eurasiaticus (Праевразийский / Борейский);*mVr- / mAjV;0.98;"Борейский праязык / Proto-Borean: *mVr- / *mAjV; Ностратический праязык / Proto-Nostratic: *mAjV / *ʔemV; Сино-кавказский праязык / Proto-Sino-Caucasian: *ʔanV / *mā; Прасино-тибетский / Proto-Sino-Tibetan: *mow / *ʔam"
mother;branch_oceanic_amerind;Proto-Sapiens Oceanicus & Americanus (Праокеанический / Праамериндский);*pA;0.70;Reconstructed via comparative macrofamily root
mountain;branch_african;Proto-Sapiens Africanus (Праафриканский);*ti;0.98;"Proto-Kalahari Khoe: *ti; Proto-Khoekhoe: *ǀʼui-; Proto North Khoisan: *ʔòm; Proto-!Wi: *!ao #"
mountain;branch_eurasian;Proto-Sapiens Eurasiaticus (Праевразийский / Борейский);*sɨwa;0.98;"Proto-Lezgian: *sɨwa; Proto-Nakh: *laːm; Proto-Yeniseian: *rʸɨʔǯ; Proto-Taa: *!um"
mountain;branch_oceanic_amerind;Proto-Sapiens Oceanicus & Americanus (Праокеанический / Праамериндский);*mutupɪ;0.98;"Proto-Cahuapanan: *mutupɪ; Proto-Jabuti: *ʔi- #"
mouth;branch_african;Proto-Sapiens Africanus (Праафриканский);*xʼam;0.98;"Proto-Kalahari Khoe: *xʼam; Proto-Khoekhoe: *xʼam-; Proto North Khoisan: *cʼí; Proto-!Wi: *ǂu"
mouth;branch_eurasian;Proto-Sapiens Eurasiaticus (Праевразийский / Борейский);*sːɨw;0.98;"Proto-Lezgian: *sːɨw; Proto-Nakh: *bakʼa; Proto-Yeniseian: *qowe; Proto-Taa: *ǂu-"
mouth;branch_oceanic_amerind;Proto-Sapiens Oceanicus & Americanus (Праокеанический / Праамериндский);*laʔ-laʔ ~ lan-lan / lan-lam-;0.98;"Proto-Cahuapanan: *laʔ-laʔ ~ *lan-lan / *lan-lam-; Proto-Jabuti: *ᶚa-kɔ"
name;branch_african;Proto-Sapiens Africanus (Праафриканский);*s-m;0.98;"Праафразийский праязык / Proto-Afroasiatic: *s-m; Прасемитский / Proto-Semitic: *šim-; Old Egyptian / Древнеегипетский (Раннее и Древнее царство) [egyp1253]: rn; Proto-Kalahari Khoe: *ǀxʼon"
name;branch_eurasian;Proto-Sapiens Eurasiaticus (Праевразийский / Борейский);*nimV;0.98;"Борейский праязык / Proto-Borean: *n[i]mV; Ностратический праязык / Proto-Nostratic: *n[i]mV; Сино-кавказский праязык / Proto-Sino-Caucasian: *m[i]n; Прасино-тибетский / Proto-Sino-Tibetan: *r-miŋ"
name;branch_oceanic_amerind;Proto-Sapiens Oceanicus & Americanus (Праокеанический / Праамериндский);*lɪn ~ lɪn-lɪn;0.98;"Proto-Cahuapanan: *lɪn ~ *lɪn-lɪn; Proto-Jabuti: *taŋc̢i"
near;branch_african;Proto-Sapiens Africanus (Праафриканский);*ǀu;0.98;"Proto-Kalahari Khoe: *ǀu; Proto-Khoekhoe: *ǀu; Proto North Khoisan: *toʔm; Proto-!Wi: *u-"
near;branch_eurasian;Proto-Sapiens Eurasiaticus (Праевразийский / Борейский);*ʔˤamː;0.98;"Proto-Lezgian: *ʔˤamː; Proto-Nakh: *garge; Proto-Yeniseian: *ʔuti [*xuti]; Proto-Taa: *u-"
near;branch_oceanic_amerind;Proto-Sapiens Oceanicus & Americanus (Праокеанический / Праамериндский);*wɨ;0.93;"Proto-Cahuapanan: *wɨ; Proto-Jabuti: *ɾɛɾi"
neck;branch_african;Proto-Sapiens Africanus (Праафриканский);*!xʼao;0.98;"Proto-Kalahari Khoe: *!xʼao; Proto-Khoekhoe: *!xʼao-; Proto North Khoisan: *àŋi; Proto-!Wi: *ǂqu"
neck;branch_eurasian;Proto-Sapiens Eurasiaticus (Праевразийский / Борейский);*ˤaw;0.98;"Proto-Lezgian: *ˤaw; Proto-Nakh: *yaʡ #; Proto-Yeniseian: *kəqənt; Proto-Taa: *ǂxʼãũ"
neck;branch_oceanic_amerind;Proto-Sapiens Oceanicus & Americanus (Праокеанический / Праамериндский);*uŋki;0.98;"Proto-Cahuapanan: *uŋki; Proto-Jabuti: *kɔpɔ"
new;branch_african;Proto-Sapiens Africanus (Праафриканский);*xʼoa;0.98;"Proto-Kalahari Khoe: *xʼoa; Proto-Khoekhoe: *ǀʼa-sa #; Proto North Khoisan: *ʒe"
new;branch_eurasian;Proto-Sapiens Eurasiaticus (Праевразийский / Борейский);*néwos;0.98;"Праиндоевропейский / Proto-Indo-European: *néwos; Proto-Lezgian: *cʼen-class-ä-; Proto-Nakh: *cʼin-a #; Proto-Yeniseian: *giʔ"
new;branch_oceanic_amerind;Proto-Sapiens Oceanicus & Americanus (Праокеанический / Праамериндский);*=təy;0.98;Proto-Jabuti: *=təy
night;branch_african;Proto-Sapiens Africanus (Праафриканский);*layl-;0.98;"Прасемитский / Proto-Semitic: *layl-; Old Egyptian / Древнеегипетский (Раннее и Древнее царство) [egyp1253]: grḥ; Proto-Kalahari Khoe: *tʰu; Proto-Khoekhoe: *tʰu-xu-"
night;branch_eurasian;Proto-Sapiens Eurasiaticus (Праевразийский / Борейский);*ya / s-ryak;0.98;"Прасино-тибетский / Proto-Sino-Tibetan: *ya / *s-r(y)ak; Праиндоевропейский / Proto-Indo-European: *nókʷts; Прауральский / Proto-Uralic: *üji; Proto-Lezgian: *ʡišːʷ"
night;branch_oceanic_amerind;Proto-Sapiens Oceanicus & Americanus (Праокеанический / Праамериндский);*kʷa;0.98;"Proto-Cahuapanan: *kʷa; Proto-Jabuti: *ʔi- #"
nose;branch_african;Proto-Sapiens Africanus (Праафриканский);*ǂui;0.98;"Proto-Kalahari Khoe: *ǂui; Proto-Khoekhoe: *ǂui-; Proto North Khoisan: *ckxú; Proto-!Wi: *u"
nose;branch_eurasian;Proto-Sapiens Eurasiaticus (Праевразийский / Борейский);*muʔel;0.98;"Proto-Lezgian: *muʔel; Proto-Nakh: *marɬo; Proto-Yeniseian: *xaŋ; Proto-Taa: *uʰ-"
nose;branch_oceanic_amerind;Proto-Sapiens Oceanicus & Americanus (Праокеанический / Праамериндский);*ni-tɨʔ;0.98;"Proto-Cahuapanan: *ni-tɨʔ; Proto-Jabuti: *nĩ=nĩ"
not;branch_african;Proto-Sapiens Africanus (Праафриканский);*=tama;0.98;"Proto-Kalahari Khoe: *=tama; Proto-Khoekhoe: *tama; Proto North Khoisan: *ǀōā; Proto-!Wi: *ǁ- #"
not;branch_eurasian;Proto-Sapiens Eurasiaticus (Праевразийский / Борейский);*tːV-;0.98;"Proto-Lezgian: *tːV-; Proto-Nakh: *ca ~ *co; Proto-Yeniseian: *wən; Proto-Taa: *ǁqʰu-"
not;branch_oceanic_amerind;Proto-Sapiens Oceanicus & Americanus (Праокеанический / Праамериндский);*kuʔ;0.98;"Proto-Cahuapanan: *kuʔ; Proto-Jabuti: *tɐ"
one;branch_african;Proto-Sapiens Africanus (Праафриканский);*w-ʕ-d;0.98;"Праафразийский праязык / Proto-Afroasiatic: *w-ʕ-d; Прасемитский / Proto-Semitic: *ʔaḥad-; Old Egyptian / Древнеегипетский (Раннее и Древнее царство) [egyp1253]: wꜥ; Proto-Kalahari Khoe: *ǀui"
one;branch_eurasian;Proto-Sapiens Eurasiaticus (Праевразийский / Борейский);*tikV;0.98;"Борейский праязык / Proto-Borean: *tikV; Ностратический праязык / Proto-Nostratic: *ʔoynV; Сино-кавказский праязык / Proto-Sino-Caucasian: *sV / *c̣[i]k; Прасино-тибетский / Proto-Sino-Tibetan: *kat / *t(y)ik"
one;branch_oceanic_amerind;Proto-Sapiens Oceanicus & Americanus (Праокеанический / Праамериндский);*aʼlaʔ;0.98;"Proto-Cahuapanan: *aʼlaʔ; Proto-Jabuti: *ǯi ~ *ʔi"
person;branch_african;Proto-Sapiens Africanus (Праафриканский);*kʰoe;0.98;"Proto-Kalahari Khoe: *kʰoe; Proto-Khoekhoe: *kʰoe-; Proto North Khoisan: *ǯù; Proto-!Wi: *!u-(i)"
person;branch_eurasian;Proto-Sapiens Eurasiaticus (Праевразийский / Борейский);*šːʷiy;0.98;"Proto-Lezgian: *šːʷiy; Proto-Nakh: *stʼ-akʼ; Proto-Yeniseian: *keʔt; Proto-Taa: *ƛâ"
person;branch_oceanic_amerind;Proto-Sapiens Oceanicus & Americanus (Праокеанический / Праамериндский);*kɨnmaʔ;0.98;Proto-Cahuapanan: *kɨnmaʔ
rain;branch_african;Proto-Sapiens Africanus (Праафриканский);*tu;0.98;"Proto-Kalahari Khoe: *tu; Proto-Khoekhoe: *tu-; Proto North Khoisan: *à; Proto-!Wi: *ǂqa-"
rain;branch_eurasian;Proto-Sapiens Eurasiaticus (Праевразийский / Борейский);*sers- / h₁wóh₁r-;0.98;"Праиндоевропейский / Proto-Indo-European: *sers- / *h₁wóh₁r-; Proto-Lezgian: *ʔoqːʷa-l; Proto-Nakh: *daɣu; Proto-Yeniseian: *xur"
rain;branch_oceanic_amerind;Proto-Sapiens Oceanicus & Americanus (Праокеанический / Праамериндский);*uʔlan;0.98;"Proto-Cahuapanan: *uʔlan; Proto-Jabuti: *ny"
red;branch_african;Proto-Sapiens Africanus (Праафриканский);*oaˤ;0.98;"Proto-Kalahari Khoe: *oaˤ; Proto-Khoekhoe: *ǀxʼaba; Proto North Khoisan: * ~ *ae; Proto-!Wi: *ǂ1e ~ *ǂ1i"
red;branch_eurasian;Proto-Sapiens Eurasiaticus (Праевразийский / Борейский);*h₁rewtʰ-;0.98;"Праиндоевропейский / Proto-Indo-European: *h₁rewdʰ-; Proto-Lezgian: *ʔirɨ- ~ *ʔˤirɨ-; Proto-Nakh: *cʼeːg-en; Proto-Yeniseian: *sur-"
red;branch_oceanic_amerind;Proto-Sapiens Oceanicus & Americanus (Праокеанический / Праамериндский);*nũɾɐɔ;0.98;Proto-Jabuti: *nũɾɐɔ
road;branch_african;Proto-Sapiens Africanus (Праафриканский);*dao;0.98;"Proto-Kalahari Khoe: *dao; Proto-Khoekhoe: *dao-; Proto North Khoisan: *ǂʰà; Proto-!Wi: *!an"
road;branch_eurasian;Proto-Sapiens Eurasiaticus (Праевразийский / Борейский);*weǵʰ-;0.98;"Праиндоевропейский / Proto-Indo-European: *weǵʰ-; Proto-Lezgian: *räqʼːˤ; Proto-Nakh: *niːqʼ; Proto-Yeniseian: *qoʔt; *qɨq"
road;branch_oceanic_amerind;Proto-Sapiens Oceanicus & Americanus (Праокеанический / Праамериндский);*wɪ;0.98;Proto-Jabuti: *wɪ
root;branch_african;Proto-Sapiens Africanus (Праафриканский);*toˤbe;0.98;"Proto-Kalahari Khoe: *toˤbe #; Proto-Khoekhoe: *oma-; Proto North Khoisan: *ani #"
root;branch_eurasian;Proto-Sapiens Eurasiaticus (Праевразийский / Борейский);*ciːǯ;0.98;"Proto-Yeniseian: *ciːǯ; Ancient Attic Greek (Plato) [grc]: r̥ízd-aː {ῥίζα}; Ancient Ionic Greek (Herodotus) [grc]: r̥ízd-aː {ῥίζα}"
root;branch_oceanic_amerind;Proto-Sapiens Oceanicus & Americanus (Праокеанический / Праамериндский);*ɪ-tɨʔ;0.98;"Proto-Cahuapanan: *ɪ-tɨʔ; Proto-Jabuti: *ᶚaɾi"
round;branch_african;Proto-Sapiens Africanus (Праафриканский);*gɐrti;0.88;Nayi [noz]: gɐrdi
round;branch_eurasian;Proto-Sapiens Eurasiaticus (Праевразийский / Борейский);*girgʷV;0.98;"Proto-Lezgian: *girgʷV; Proto-Nakh: *goːg-ra-n ~ *goːg-ri-n; Ancient Attic Greek (Plato) [grc]: strong-ǘl-o-s {στρογγύλος}; Ancient Ionic Greek (Herodotus) [grc]: strong-ǘl-o- {στρογγύλος}"
round;branch_oceanic_amerind;Proto-Sapiens Oceanicus & Americanus (Праокеанический / Праамериндский);*ka;0.98;Proto-Jabuti: *ka
salt;branch_african;Proto-Sapiens Africanus (Праафриканский);*doˤbe;0.98;"Proto-Kalahari Khoe: *doˤbe; Proto-Khoekhoe: *ǂxʼo-; Proto North Khoisan: *gúí"
salt;branch_eurasian;Proto-Sapiens Eurasiaticus (Праевразийский / Борейский);*qʼäl;0.98;"Proto-Lezgian: *qʼäl; Proto-Nakh: *tuxe; Proto-Yeniseian: *čəʔ; Proto-Taa: *qaʔna"
salt;branch_oceanic_amerind;Proto-Sapiens Oceanicus & Americanus (Праокеанический / Праамериндский);*yamuɾa;0.92;"Proto-Cahuapanan: *yamuɾa; Proto-Jabuti: *kukə-nĩ"
sand;branch_african;Proto-Sapiens Africanus (Праафриканский);*xom;0.98;"Proto-Kalahari Khoe: *xom; Proto-Khoekhoe: *ǁxae- #; Proto North Khoisan: *kxà; Proto-!Wi: *!ʼãũ ~ *!qʼãũ"
sand;branch_eurasian;Proto-Sapiens Eurasiaticus (Праевразийский / Борейский);*šːäm;0.98;"Proto-Lezgian: *šːäm; Proto-Yeniseian: *pən-əŋ; Proto-Taa: *ǂxʼum; Ancient Attic Greek (Plato) [grc]: ámm-o-s {ἄμμος}"
sand;branch_oceanic_amerind;Proto-Sapiens Oceanicus & Americanus (Праокеанический / Праамериндский);*yi-luʔ-tɨʔ;0.98;Proto-Cahuapanan: *yi-luʔ-tɨʔ
say;branch_african;Proto-Sapiens Africanus (Праафриканский);*mĩ;0.98;"Proto-Kalahari Khoe: *mĩ; Proto-Khoekhoe: *mĩ; Proto North Khoisan: *kò; Proto-!Wi: *ka ~ *ku"
say;branch_eurasian;Proto-Sapiens Eurasiaticus (Праевразийский / Борейский);*ʔiʔʷˤɨ-;0.98;"Proto-Lezgian: *ʔiʔʷˤɨ-; Proto-Nakh: *ʔaːɬ- / *leː-; Proto-Yeniseian: *saga- #; Ancient Attic Greek (Plato) [grc]: pʰeː-mí {φημί}; êyp-a {εἶπα}"
say;branch_oceanic_amerind;Proto-Sapiens Oceanicus & Americanus (Праокеанический / Праамериндский);*t-;0.98;"Proto-Cahuapanan: *t-; Proto-Jabuti: *panbɔ ~ *pamũ"
see;branch_african;Proto-Sapiens Africanus (Праафриканский);*mũ;0.98;"Proto-Kalahari Khoe: *mũ; Proto-Khoekhoe: *mũ; Proto North Khoisan: *sé ~ *hé; Proto-!Wi: *a ~ *i"
see;branch_eurasian;Proto-Sapiens Eurasiaticus (Праевразийский / Борейский);*sekʷ- / weyt-;0.98;"Праиндоевропейский / Proto-Indo-European: *sekʷ- / *weyd-; Proto-Lezgian: *ʔakːʷä-; Proto-Nakh: *=ag- / *gu=; Proto-Yeniseian: *t=...=ɔŋ"
see;branch_oceanic_amerind;Proto-Sapiens Oceanicus & Americanus (Праокеанический / Праамериндский);*lɪʔ- / lɪk-;0.98;"Proto-Cahuapanan: *lɪʔ- / *lɪk-; Proto-Jabuti: *ʔɔyɾɐ"
seed;branch_african;Proto-Sapiens Africanus (Праафриканский);*ǀxuri;0.98;"Proto-Kalahari Khoe: *ǀxuri; Proto-Khoekhoe: *!xum-; Proto North Khoisan: *!ó; Proto-!Wi: *a ~ *i"
seed;branch_eurasian;Proto-Sapiens Eurasiaticus (Праевразийский / Борейский);*ɬːʷin;0.98;"Proto-Lezgian: *ɬːʷin; Proto-Nakh: *fuw; Proto-Yeniseian: *t=...=ɔŋ; Proto-Taa: *a-"
seed;branch_oceanic_amerind;Proto-Sapiens Oceanicus & Americanus (Праокеанический / Праамериндский);*laya;0.98;"Proto-Cahuapanan: *laya; Proto-Jabuti: *c̢ɐ"
short;branch_african;Proto-Sapiens Africanus (Праафриканский);*ǁom;0.98;"Proto-Kalahari Khoe: *ǁom; Proto-Khoekhoe: *ubu; Proto North Khoisan: *!ò ~ *!ò-mà; Proto-!Wi: *ǂqoe(-ŋ)"
short;branch_eurasian;Proto-Sapiens Eurasiaticus (Праевразийский / Борейский);*kːʷVˤtʼV;0.98;"Proto-Lezgian: *kːʷVˤtʼV; Proto-Nakh: *=aːc-un; Proto-Taa: *ǂʼaba; Ancient Attic Greek (Plato) [grc]: brakʰ-ǘ- {βραχύς}"
short;branch_oceanic_amerind;Proto-Sapiens Oceanicus & Americanus (Праокеанический / Праамериндский);*pa-tə;0.92;Proto-Jabuti: *pa-tə
sister;branch_african;Proto-Sapiens Africanus (Праафриканский);*ʔaḫ-t-;0.98;"Праафразийский праязык / Proto-Afroasiatic: *ʔaḫ-t-; Прасемитский / Proto-Semitic: *ʔaḫāt-; Old Egyptian / Древнеегипетский (Раннее и Древнее царство) [egyp1253]: snt; Proto-Kalahari Khoe: *ti"
sister;branch_eurasian;Proto-Sapiens Eurasiaticus (Праевразийский / Борейский);*swVr-;0.98;"Борейский праязык / Proto-Borean: *swVr-; Ностратический праязык / Proto-Nostratic: *säyV; Сино-кавказский праязык / Proto-Sino-Caucasian: *s-m-r; Прасино-тибетский / Proto-Sino-Tibetan: *s-meːlʔ"
sister;branch_oceanic_amerind;Proto-Sapiens Oceanicus & Americanus (Праокеанический / Праамериндский);*kʷa;0.93;"Proto-Cahuapanan: *kʷa; Proto-Jabuti: *ʔi- #"
sit;branch_african;Proto-Sapiens Africanus (Праафриканский);*ũ;0.98;"Proto-Kalahari Khoe: *ũ; Proto-Khoekhoe: *u ~ *ũ; Proto North Khoisan: *ʔá; Proto-!Wi: *soʔ-"
sit;branch_eurasian;Proto-Sapiens Eurasiaticus (Праевразийский / Борейский);*set-;0.98;"Праиндоевропейский / Proto-Indo-European: *sed-; Proto-Lezgian: *ʔiqʼʷä-; Proto-Nakh: *=aːɣ-; Proto-Yeniseian: *xu-"
sit;branch_oceanic_amerind;Proto-Sapiens Oceanicus & Americanus (Праокеанический / Праамериндский);*kʷa;0.98;"Proto-Cahuapanan: *kʷa; Proto-Jabuti: *nṼ"
skin;branch_african;Proto-Sapiens Africanus (Праафриканский);*kʰo;0.98;"Proto-Kalahari Khoe: *kʰo; Proto-Khoekhoe: *kʰo-; Proto North Khoisan: *ō; Proto-!Wi: *tuŋ"
skin;branch_eurasian;Proto-Sapiens Eurasiaticus (Праевразийский / Борейский);*cʼoːka;0.98;"Proto-Nakh: *cʼoːka; Proto-Yeniseian: *ʔaʒ; Proto-Taa: *tùˤm; Ancient Attic Greek (Plato) [grc]: dér-m-a {δέρμα}"
skin;branch_oceanic_amerind;Proto-Sapiens Oceanicus & Americanus (Праокеанический / Праамериндский);*kʷa;0.98;"Proto-Cahuapanan: *kʷa; Proto-Jabuti: *kə"
sleep;branch_african;Proto-Sapiens Africanus (Праафриканский);*ǁʼom;0.98;"Proto-Kalahari Khoe: *ǁʼom; Proto-Khoekhoe: *ǁʼum; Proto North Khoisan: *cʼā; Proto-!Wi: *ʘu- ~ *ʘi-"
sleep;branch_eurasian;Proto-Sapiens Eurasiaticus (Праевразийский / Борейский);*ʔasʷɨn- ~ ʔasːʷɨn-;0.98;"Proto-Lezgian: *ʔasʷɨn- ~ *ʔasːʷɨn-; Proto-Nakh: *toħ-; Proto-Yeniseian: *=qɔt; Proto-Taa: *ʘVn"
sleep;branch_oceanic_amerind;Proto-Sapiens Oceanicus & Americanus (Праокеанический / Праамериндский);*wɪ...;0.98;"Proto-Cahuapanan: *wɪ...; Proto-Jabuti: *nũtɐ"
small;branch_african;Proto-Sapiens Africanus (Праафриканский);*ǀxʼare;0.98;"Proto-Kalahari Khoe: *ǀxʼare; Proto-Khoekhoe: *ǀa; Proto North Khoisan: *cʼe ~ *cʼe-mà; Proto-!Wi: *ǂʼeni"
small;branch_eurasian;Proto-Sapiens Eurasiaticus (Праевразийский / Борейский);*kʼɨʔʷV;0.98;"Proto-Lezgian: *kʼɨʔʷV; Proto-Nakh: *ǯʕom-in; Proto-Yeniseian: *pəɲ- #; Proto-Taa: *ko-kaˤ"
small;branch_oceanic_amerind;Proto-Sapiens Oceanicus & Americanus (Праокеанический / Праамериндский);*yami;0.98;"Proto-Cahuapanan: *yami; Proto-Jabuti: *nbɘy"
smoke;branch_african;Proto-Sapiens Africanus (Праафриканский);*cʼani;0.98;"Proto-Kalahari Khoe: *cʼani; Proto-Khoekhoe: *ǀxʼan-; Proto North Khoisan: *šórè ~ *šórà; Proto-!Wi: *ǁoˤ"
smoke;branch_eurasian;Proto-Sapiens Eurasiaticus (Праевразийский / Борейский);*kːunː;0.98;"Proto-Lezgian: *kːunː; Proto-Nakh: *kʼur; Proto-Yeniseian: *duʔ; Ancient Attic Greek (Plato) [grc]: kap-n-ó-s {καπνός}"
smoke;branch_oceanic_amerind;Proto-Sapiens Oceanicus & Americanus (Праокеанический / Праамериндский);*tasu;0.88;Are'are (Ma'asupa): tasu
snake;branch_african;Proto-Sapiens Africanus (Праафриканский);*ǀxʼao;0.98;"Proto-Kalahari Khoe: *ǀxʼao; Proto-Khoekhoe: *ǀxʼao-; Proto North Khoisan: *ǂʼgà ~ *ǂʼwà; Proto-!Wi: *ǀxʼa-"
snake;branch_eurasian;Proto-Sapiens Eurasiaticus (Праевразийский / Борейский);*ƛːar;0.98;"Proto-Lezgian: *ƛːar; Proto-Nakh: *laħi; Proto-Taa: *ǁui #; Ancient Attic Greek (Plato) [grc]: ópʰ-i-s {ὄφις}"
snake;branch_oceanic_amerind;Proto-Sapiens Oceanicus & Americanus (Праокеанический / Праамериндский);*yaʔwan;0.93;"Proto-Cahuapanan: *yaʔwan; Proto-Jabuti: *mɾɐy"
stand;branch_african;Proto-Sapiens Africanus (Праафриканский);*tɛ;0.98;"Proto-Kalahari Khoe: *tɛ; Proto-Khoekhoe: *mã; Proto North Khoisan: *ʔṹ"
stand;branch_eurasian;Proto-Sapiens Eurasiaticus (Праевразийский / Борейский);*steh₂-;0.98;"Праиндоевропейский / Proto-Indo-European: *steh₂-; Proto-Lezgian: *ʔecːʷär-; Proto-Nakh: *l=aːtt-; Proto-Yeniseian: *=dɨŋ ~ *=dɨk"
stand;branch_oceanic_amerind;Proto-Sapiens Oceanicus & Americanus (Праокеанический / Праамериндский);*wani-;0.98;Proto-Cahuapanan: *wani-
star;branch_african;Proto-Sapiens Africanus (Праафриканский);*kawkab-;0.98;"Прасемитский / Proto-Semitic: *kawkab-; Old Egyptian / Древнеегипетский (Раннее и Древнее царство) [egyp1253]: sbꜣ; Proto-Kalahari Khoe: *ǀxani; Proto-Khoekhoe: *ǀami-ro-"
star;branch_eurasian;Proto-Sapiens Eurasiaticus (Праевразийский / Борейский);*s-tʰeːŋ;0.98;"Прасино-тибетский / Proto-Sino-Tibetan: *s-tʰeːŋ; Праиндоевропейский / Proto-Indo-European: *h₂stḗr; Прауральский / Proto-Uralic: *tähti; Proto-Lezgian: *ːˤanːa ~ *ːˤanː"
star;branch_oceanic_amerind;Proto-Sapiens Oceanicus & Americanus (Праокеанический / Праамериндский);*tanyu-ɾa;0.98;Proto-Cahuapanan: *ta(n)yu-ɾa
stone;branch_african;Proto-Sapiens Africanus (Праафриканский);*ʔabn-;0.98;"Прасемитский / Proto-Semitic: *ʔabn-; Old Egyptian / Древнеегипетский (Раннее и Древнее царство) [egyp1253]: jnr; Proto-Kalahari Khoe: *oaˤ; Proto-Khoekhoe: *ǀʼui-"
stone;branch_eurasian;Proto-Sapiens Eurasiaticus (Праевразийский / Борейский);*ḳaʔwV;0.98;"Борейский праязык / Proto-Borean: *ḳaʔwV; Прасино-тибетский / Proto-Sino-Tibetan: *r-luŋ; Праиндоевропейский / Proto-Indo-European: *h₂éḱmō; Прауральский / Proto-Uralic: *kiwi"
stone;branch_oceanic_amerind;Proto-Sapiens Oceanicus & Americanus (Праокеанический / Праамериндский);*laʔpɪ;0.98;"Proto-Cahuapanan: *laʔpɪ; Proto-Jabuti: *kɾa"
sun;branch_african;Proto-Sapiens Africanus (Праафриканский);*š-m-š;0.98;"Праафразийский праязык / Proto-Afroasiatic: *š-m-š; Прасемитский / Proto-Semitic: *šamš-; Old Egyptian / Древнеегипетский (Раннее и Древнее царство) [egyp1253]: rꜥ; Proto-Kalahari Khoe: *ǀam"
sun;branch_eurasian;Proto-Sapiens Eurasiaticus (Праевразийский / Борейский);*ḳUnV;0.98;"Борейский праязык / Proto-Borean: *ḳUnV; Ностратический праязык / Proto-Nostratic: *ḳUnV; Сино-кавказский праязык / Proto-Sino-Caucasian: *bVrV; Прасино-тибетский / Proto-Sino-Tibetan: *nəy"
sun;branch_oceanic_amerind;Proto-Sapiens Oceanicus & Americanus (Праокеанический / Праамериндский);*təc̢a ~ tɐc̢ɐ;0.98;Proto-Jabuti: *təc̢a ~ *tɐc̢ɐ
swim;branch_african;Proto-Sapiens Africanus (Праафриканский);*bara;0.98;"Proto-Kalahari Khoe: *bara; Proto-Khoekhoe: *tʰã; Proto North Khoisan: *dȍ ~ *dȕ; Proto-!Wi: *ŋ"
swim;branch_eurasian;Proto-Sapiens Eurasiaticus (Праевразийский / Борейский);*ɬːänː ʔaʔar-;0.98;"Proto-Lezgian: *ɬːänː ʔaʔa(r)-; Proto-Nakh: *naːki; Proto-Yeniseian: *suːy; Proto-Taa: *ŋ"
swim;branch_oceanic_amerind;Proto-Sapiens Oceanicus & Americanus (Праокеанический / Праамериндский);*ɪyun-;0.98;"Proto-Cahuapanan: *(ɪ)yun-; Proto-Jabuti: *ʔi- #"
tail;branch_african;Proto-Sapiens Africanus (Праафриканский);*cao;0.98;"Proto-Kalahari Khoe: *cao; Proto-Khoekhoe: *sao-; Proto North Khoisan: *xōē; Proto-!Wi: *ǀa- #"
tail;branch_eurasian;Proto-Sapiens Eurasiaticus (Праевразийский / Борейский);*porkos;0.98;"Праиндоевропейский / Proto-Indo-European: *porkos; Proto-Lezgian: *ħɨrčːʷ ~ *ʡɨrčːʷ; Proto-Nakh: *muɣ; Proto-Yeniseian: *puɢ-aʒ"
tail;branch_oceanic_amerind;Proto-Sapiens Oceanicus & Americanus (Праокеанический / Праамериндский);*kʷa;0.98;"Proto-Cahuapanan: *kʷa; Proto-Jabuti: *ʔo"
that;branch_african;Proto-Sapiens Africanus (Праафриканский);*a-;0.98;"Proto-Kalahari Khoe: *a- #; Proto-Khoekhoe: a-; Proto North Khoisan: *toʔà ~ *ndoʔà"
that;branch_eurasian;Proto-Sapiens Eurasiaticus (Праевразийский / Борейский);*tV;0.98;"Proto-Lezgian: *tV; Proto-Nakh: *ʔo #; Proto-Yeniseian: *ʔu; Proto-Taa: *tV- #"
that;branch_oceanic_amerind;Proto-Sapiens Oceanicus & Americanus (Праокеанический / Праамериндский);*...na;0.98;"Proto-Cahuapanan: *...na; Proto-Jabuti: *nbu-"
thin;branch_african;Proto-Sapiens Africanus (Праафриканский);*ti;0.98;"Proto-Kalahari Khoe: *ti; Proto-Khoekhoe: *ti-; Proto North Khoisan: *ǯm; Proto-!Wi: *ŋ"
thin;branch_eurasian;Proto-Sapiens Eurasiaticus (Праевразийский / Борейский);*ƛʼɨlä;0.98;"Proto-Lezgian: *ƛʼɨlä; hˤɨ(m)ƛʼːä; Proto-Nakh: *=utʼqʼ-in; Proto-Yeniseian: *ʔaʒ; Proto-Taa: *ŋ"
thin;branch_oceanic_amerind;Proto-Sapiens Oceanicus & Americanus (Праокеанический / Праамериндский);*sɪmɨ-;0.93;"Proto-Cahuapanan: *sɪmɨ- #; Proto-Jabuti: *kəbi-tə"
this;branch_african;Proto-Sapiens Africanus (Праафриканский);*e;0.98;"Proto-Kalahari Khoe: *e; Proto-Khoekhoe: *ne #; Proto North Khoisan: *ŋ; Proto-!Wi: *a"
this;branch_eurasian;Proto-Sapiens Eurasiaticus (Праевразийский / Борейский);*mV;0.98;"Proto-Lezgian: *mV; Proto-Nakh: *ʔi #; Proto-Yeniseian: *ʔi; Proto-Taa: *tV-"
this;branch_oceanic_amerind;Proto-Sapiens Oceanicus & Americanus (Праокеанический / Праамериндский);*...suʔ;0.98;"Proto-Cahuapanan: *...suʔ; Proto-Jabuti: *ʔi- #"
thou;branch_african;Proto-Sapiens Africanus (Праафриканский);*k-t / ʔ-n-t;0.98;"Праафразийский праязык / Proto-Afroasiatic: *k-t / *ʔ-n-t; Прасемитский / Proto-Semitic: *ʔanta; Old Egyptian / Древнеегипетский (Раннее и Древнее царство) [egyp1253]: ntk / ntt; Proto-Kalahari Khoe: *ca / *sa"
thou;branch_eurasian;Proto-Sapiens Eurasiaticus (Праевразийский / Борейский);*tV;0.98;"Борейский праязык / Proto-Borean: *tV; Ностратический праязык / Proto-Nostratic: *tV; Сино-кавказский праязык / Proto-Sino-Caucasian: *u / *kʷV; Прасино-тибетский / Proto-Sino-Tibetan: *naŋ"
thou;branch_oceanic_amerind;Proto-Sapiens Oceanicus & Americanus (Праокеанический / Праамериндский);*kɨnma;0.98;"Proto-Cahuapanan: *kɨnma; Proto-Jabuti: *ʔa-"
tongue;branch_african;Proto-Sapiens Africanus (Праафриканский);*l-s-n;0.98;"Праафразийский праязык / Proto-Afroasiatic: *l-s-n; Прасемитский / Proto-Semitic: *lišān-; Old Egyptian / Древнеегипетский (Раннее и Древнее царство) [egyp1253]: ns; Proto-Kalahari Khoe: *dam"
tongue;branch_eurasian;Proto-Sapiens Eurasiaticus (Праевразийский / Борейский);*kelwV;0.98;"Ностратический праязык / Proto-Nostratic: *kelwV; Сино-кавказский праязык / Proto-Sino-Caucasian: *mētsV; Прасино-тибетский / Proto-Sino-Tibetan: *m-lay; Праиндоевропейский / Proto-Indo-European: *dn̥ǵʰwéh₂s"
tongue;branch_oceanic_amerind;Proto-Sapiens Oceanicus & Americanus (Праокеанический / Праамериндский);*nɪnɨʔ-ɾa;0.98;"Proto-Cahuapanan: *nɪnɨ(ʔ)-ɾa; Proto-Jabuti: *nũtə"
tooth;branch_african;Proto-Sapiens Africanus (Праафриканский);*š-n-n;0.98;"Праафразийский праязык / Proto-Afroasiatic: *š-n-n; Прасемитский / Proto-Semitic: *šinn-; Old Egyptian / Древнеегипетский (Раннее и Древнее царство) [egyp1253]: jbḥ; Proto-Kalahari Khoe: *ǁũˤ"
tooth;branch_eurasian;Proto-Sapiens Eurasiaticus (Праевразийский / Борейский);*taŋV;0.98;"Ностратический праязык / Proto-Nostratic: *t[a]ŋV; Сино-кавказский праязык / Proto-Sino-Caucasian: *cw[i]lV; Прасино-тибетский / Proto-Sino-Tibetan: *p-wa / *s-wa; Праиндоевропейский / Proto-Indo-European: *h₃dónts"
tooth;branch_oceanic_amerind;Proto-Sapiens Oceanicus & Americanus (Праокеанический / Праамериндский);*la-tɨʔ;0.98;"Proto-Cahuapanan: *la-tɨʔ; Proto-Jabuti: *ᶚɔ"
tree;branch_african;Proto-Sapiens Africanus (Праафриканский);*ʕiṣ́-;0.98;"Прасемитский / Proto-Semitic: *ʕiṣ́-; Old Egyptian / Древнеегипетский (Раннее и Древнее царство) [egyp1253]: ḫt; Proto-Kalahari Khoe: *yi; Proto-Khoekhoe: *hai-"
tree;branch_eurasian;Proto-Sapiens Eurasiaticus (Праевразийский / Борейский);*tVrV;0.98;"Борейский праязык / Proto-Borean: *tVrV; Ностратический праязык / Proto-Nostratic: *pVrV; Прасино-тибетский / Proto-Sino-Tibetan: *siŋ; Праиндоевропейский / Proto-Indo-European: *dóru"
tree;branch_oceanic_amerind;Proto-Sapiens Oceanicus & Americanus (Праокеанический / Праамериндский);*naɾa;0.98;"Proto-Cahuapanan: *naɾa; Proto-Jabuti: *ku"
two;branch_african;Proto-Sapiens Africanus (Праафриканский);*s-n-y;0.98;"Праафразийский праязык / Proto-Afroasiatic: *s-n-y; Прасемитский / Proto-Semitic: *ṯinān-; Old Egyptian / Древнеегипетский (Раннее и Древнее царство) [egyp1253]: snw; Proto-Kalahari Khoe: *ǀam"
two;branch_eurasian;Proto-Sapiens Eurasiaticus (Праевразийский / Борейский);*tVpV;0.98;"Борейский праязык / Proto-Borean: *tVpV; Ностратический праязык / Proto-Nostratic: *tVwV; Сино-кавказский праязык / Proto-Sino-Caucasian: *tqʷV / *kVk; Прасино-тибетский / Proto-Sino-Tibetan: *g-nis"
two;branch_oceanic_amerind;Proto-Sapiens Oceanicus & Americanus (Праокеанический / Праамериндский);*katuʔ;0.98;"Proto-Cahuapanan: *katuʔ; Proto-Jabuti: *ngɾɛnbo ~ *ngɾenbo #"
walk / go;branch_african;Proto-Sapiens Africanus (Праафриканский);*!ũ;0.98;"Proto-Kalahari Khoe: *!ũ; Proto-Khoekhoe: *!ũ; Proto North Khoisan: *ú; Proto-!Wi: *ǁʼa-"
walk / go;branch_eurasian;Proto-Sapiens Eurasiaticus (Праевразийский / Борейский);*ʔiqːʷˤä-;0.98;"Proto-Lezgian: *ʔiqːʷˤä-; *ʔiɬʷe; Proto-Nakh: *=ax-; Proto-Yeniseian: *hey-; *=ʒe- ~ *=ʒen #; Proto-Taa: *sa"
walk / go;branch_oceanic_amerind;Proto-Sapiens Oceanicus & Americanus (Праокеанический / Праамериндский);*paʔ- / pak-;0.98;Proto-Cahuapanan: *paʔ- / *pak-
warm / hot;branch_african;Proto-Sapiens Africanus (Праафриканский);*kʰúí;0.98;Proto North Khoisan: *kʰúí
warm / hot;branch_eurasian;Proto-Sapiens Eurasiaticus (Праевразийский / Борейский);*ʔiƛːVr-;0.98;"Proto-Lezgian: *ʔiƛːVr-; Proto-Nakh: *=ʕaːbx-in; Proto-Yeniseian: *xus-; Ancient Attic Greek (Plato) [grc]: tʰer-m-ó- {θερμός}"
warm / hot;branch_oceanic_amerind;Proto-Sapiens Oceanicus & Americanus (Праокеанический / Праамериндский);*čə;0.98;Proto-Jabuti: *čə
water;branch_african;Proto-Sapiens Africanus (Праафриканский);*m-y / b-r;0.98;"Праафразийский праязык / Proto-Afroasiatic: *m-y / *b-r; Прасемитский / Proto-Semitic: *māy-; Old Egyptian / Древнеегипетский (Раннее и Древнее царство) [egyp1253]: mw; Proto-Kalahari Khoe: *cʰa"
water;branch_eurasian;Proto-Sapiens Eurasiaticus (Праевразийский / Борейский);*wAtV;0.98;"Борейский праязык / Proto-Borean: *wAtV; Ностратический праязык / Proto-Nostratic: *wetV; Сино-кавказский праязык / Proto-Sino-Caucasian: *[t]sʔ[e]r; Прасино-тибетский / Proto-Sino-Tibetan: *tuy / *l-way"
water;branch_oceanic_amerind;Proto-Sapiens Oceanicus & Americanus (Праокеанический / Праамериндский);*yɨʔ;0.98;"Proto-Cahuapanan: *yɨʔ; Proto-Jabuti: *nbi"
we;branch_african;Proto-Sapiens Africanus (Праафриканский);*n-ħ-n;0.98;"Праафразийский праязык / Proto-Afroasiatic: *n-ħ-n; Прасемитский / Proto-Semitic: *niḥnū; Old Egyptian / Древнеегипетский (Раннее и Древнее царство) [egyp1253]: jnn; Proto-Kalahari Khoe: *=m"
we;branch_eurasian;Proto-Sapiens Eurasiaticus (Праевразийский / Борейский);*mV;0.98;"Борейский праязык / Proto-Borean: *mV; Ностратический праязык / Proto-Nostratic: *mV / *nV; Сино-кавказский праязык / Proto-Sino-Caucasian: *nV; Прасино-тибетский / Proto-Sino-Tibetan: *ŋa-y"
we;branch_oceanic_amerind;Proto-Sapiens Oceanicus & Americanus (Праокеанический / Праамериндский);*kampuʔ;0.98;"Proto-Cahuapanan: *kampuʔ; *kuya; Proto-Jabuti: *c̢i"
what;branch_african;Proto-Sapiens Africanus (Праафриканский);*mā;0.98;"Прасемитский / Proto-Semitic: *mā; Old Egyptian / Древнеегипетский (Раннее и Древнее царство) [egyp1253]: jḫ; Proto-Kalahari Khoe: *n-du; Proto-Khoekhoe: *da-"
what;branch_eurasian;Proto-Sapiens Eurasiaticus (Праевразийский / Борейский);*ma;0.98;"Борейский праязык / Proto-Borean: *ma; Ностратический праязык / Proto-Nostratic: *ma; Прасино-тибетский / Proto-Sino-Tibetan: *ma; Праиндоевропейский / Proto-Indo-European: *kʷid"
what;branch_oceanic_amerind;Proto-Sapiens Oceanicus & Americanus (Праокеанический / Праамериндский);*maʔ;0.98;Proto-Cahuapanan: *maʔ
white;branch_african;Proto-Sapiens Africanus (Праафриканский);*xoɛ;0.98;"Proto-Kalahari Khoe: *xoɛ #; Proto-Khoekhoe: *!ʼuri #; Proto North Khoisan: *!àʔū; Proto-!Wi: *ŋ"
white;branch_eurasian;Proto-Sapiens Eurasiaticus (Праевразийский / Борейский);*h₂elbʰ- / kʷeyt-;0.98;"Праиндоевропейский / Proto-Indo-European: *h₂elbʰ- / *kʷeyt-; Proto-Lezgian: *čʼʷVˤbä; Proto-Nakh: *kʼay-in ~ *kʼuy-in; Proto-Yeniseian: *tak-am"
white;branch_oceanic_amerind;Proto-Sapiens Oceanicus & Americanus (Праокеанический / Праамериндский);*yaya-;0.98;"Proto-Cahuapanan: *yaya-; Proto-Jabuti: *ʔi- #"
who;branch_african;Proto-Sapiens Africanus (Праафриканский);*man;0.98;"Прасемитский / Proto-Semitic: *man; Old Egyptian / Древнеегипетский (Раннее и Древнее царство) [egyp1253]: mj; Proto-Kalahari Khoe: *ma; Proto-Khoekhoe: *da-"
who;branch_eurasian;Proto-Sapiens Eurasiaticus (Праевразийский / Борейский);*mi;0.98;"Борейский праязык / Proto-Borean: *mi; Ностратический праязык / Proto-Nostratic: *kʷi / *mi; Прасино-тибетский / Proto-Sino-Tibetan: *su; Праиндоевропейский / Proto-Indo-European: *kʷis"
who;branch_oceanic_amerind;Proto-Sapiens Oceanicus & Americanus (Праокеанический / Праамериндский);*yɨn;0.98;"Proto-Cahuapanan: *yɨn; Proto-Jabuti: *c̢ɛɔ-"
wind;branch_african;Proto-Sapiens Africanus (Праафриканский);*ǂʼã;0.98;"Proto-Kalahari Khoe: *ǂʼã; Proto-Khoekhoe: *ǂʼoa-; Proto North Khoisan: *ǂʼa; Proto-!Wi: *ǂqʰoe"
wind;branch_eurasian;Proto-Sapiens Eurasiaticus (Праевразийский / Борейский);*muč;0.98;"Proto-Lezgian: *muč; Proto-Nakh: *mox; Proto-Yeniseian: *bey; Proto-Taa: *ǂqʰu-"
wind;branch_oceanic_amerind;Proto-Sapiens Oceanicus & Americanus (Праокеанический / Праамериндский);*kʷa;0.93;"Proto-Cahuapanan: *kʷa; Proto-Jabuti: *ʔi- #"
woman;branch_african;Proto-Sapiens Africanus (Праафриканский);*ae;0.98;"Proto-Kalahari Khoe: *ae; Proto-Khoekhoe: *tara-; Proto North Khoisan: *ʒʰau; Proto-!Wi: *ǀʼa- ~ *ǀa-"
woman;branch_eurasian;Proto-Sapiens Eurasiaticus (Праевразийский / Борейский);*ɬːɨnː-ol;0.98;"Proto-Lezgian: *ɬːɨnː-ol; Proto-Nakh: *pstʼuw; Proto-Yeniseian: *qem; Proto-Taa: *ƛâ=qáe"
woman;branch_oceanic_amerind;Proto-Sapiens Oceanicus & Americanus (Праокеанический / Праамериндский);*kɨnmaʔ-pɨn ~ kɨnmaʔ-pɪn;0.98;"Proto-Cahuapanan: *kɨnmaʔ-pɨn ~ *kɨnmaʔ-pɪn; Proto-Jabuti: *pako"
worm;branch_african;Proto-Sapiens Africanus (Праафриканский);*ǂxʼoni-;0.98;Proto-Khoekhoe: *ǂxʼoni-
worm;branch_eurasian;Proto-Sapiens Eurasiaticus (Праевразийский / Борейский);*mulaqʷˤ;0.98;"Proto-Lezgian: *mulaqʷˤ; Proto-Nakh: *nʡana; Proto-Yeniseian: *koy; Ancient Ionic Greek (Herodotus) [grc]: ewl-éː {εὐλή}"
worm;branch_oceanic_amerind;Proto-Sapiens Oceanicus & Americanus (Праокеанический / Праамериндский);*kuwiʔ;0.91;Proto-Cahuapanan: *kuwiʔ
year;branch_african;Proto-Sapiens Africanus (Праафриканский);*kuri;0.98;"Proto-Kalahari Khoe: *kuri; Proto-Khoekhoe: *kuri-; Proto North Khoisan: *kuri #; Proto-!Wi: *u-"
year;branch_eurasian;Proto-Sapiens Eurasiaticus (Праевразийский / Борейский);*sːän;0.98;"Proto-Lezgian: *sːän; Proto-Nakh: *šo; Proto-Yeniseian: *sɨɢa; Proto-Taa: *u-"
year;branch_oceanic_amerind;Proto-Sapiens Oceanicus & Americanus (Праокеанический / Праамериндский);*wɨ;0.93;"Proto-Cahuapanan: *wɨ; Proto-Jabuti: *nĩ=pɨ"
yellow;branch_african;Proto-Sapiens Africanus (Праафриканский);*ǀȁŋu;0.98;Proto North Khoisan: *ǀȁŋu
yellow;branch_eurasian;Proto-Sapiens Eurasiaticus (Праевразийский / Борейский);*qäqV;0.98;"Proto-Lezgian: *qäqV; Proto-Nakh: *maːǯ-un #; Ancient Attic Greek (Plato) [grc]: ksantʰ-ó- {ξανθός}"
yellow;branch_oceanic_amerind;Proto-Sapiens Oceanicus & Americanus (Праокеанический / Праамериндский);*šaʔpɪʔ;0.98;Proto-Cahuapanan: *šaʔpɪʔ
